recording_id,label,start,end
test_00000,4,675,1351
test_00001,5,675,1351
test_00002,2,675,1351
test_00003,4,675,1351
test_00004,0,675,1351
test_00005,0,675,1351
test_00006,2,675,1351
test_00007,2,675,1351
test_00008,2,675,1351
test_00009,4,675,1351
test_00010,3,675,1351
test_00011,5,675,1351
test_00012,2,675,1351
test_00013,3,675,1351
test_00014,0,675,1351
test_00015,4,675,1351
test_00016,4,675,1351
test_00017,0,675,1351
test_00018,0,675,1351
test_00019,5,675,1351
test_00020,5,675,1351
test_00021,4,675,1351
test_00022,0,675,1351
test_00023,1,675,1351
test_00024,3,675,1351
test_00025,1,675,1351
test_00026,2,675,1351
test_00027,5,675,1351
test_00028,2,675,1351
test_00029,0,675,1351
test_00030,2,675,1351
test_00031,3,675,1351
test_00032,2,675,1351
test_00033,3,675,1351
test_00034,3,675,1351
test_00035,3,675,1351
test_00036,5,675,1351
test_00037,5,675,1351
test_00038,5,675,1351
test_00039,0,675,1351
test_00040,4,675,1351
test_00041,5,675,1351
test_00042,0,675,1351
test_00043,5,675,1351
test_00044,1,675,1351
test_00045,2,675,1351
test_00046,0,675,1351
test_00047,0,675,1351
test_00048,4,675,1351
test_00049,5,675,1351
test_00050,3,675,1351
test_00051,4,675,1351
test_00052,5,675,1351
test_00053,2,675,1351
test_00054,5,675,1351
test_00055,3,675,1351
test_00056,1,675,1351
test_00057,2,675,1351
test_00058,5,675,1351
test_00059,2,675,1351
test_00060,5,675,1351
test_00061,5,675,1351
test_00062,3,675,1351
test_00063,5,675,1351
test_00064,3,675,1351
test_00065,5,675,1351
test_00066,1,675,1351
test_00067,5,675,1351
test_00068,2,675,1351
test_00069,5,675,1351
test_00070,1,675,1351
test_00071,1,675,1351
test_00072,3,675,1351
test_00073,1,675,1351
test_00074,3,675,1351
test_00075,3,675,1351
test_00076,3,675,1351
test_00077,0,675,1351
test_00078,2,675,1351
test_00079,3,675,1351
test_00080,5,675,1351
test_00081,5,675,1351
test_00082,3,675,1351
test_00083,2,675,1351
test_00084,2,675,1351
test_00085,5,675,1351
test_00086,0,675,1351
test_00087,5,675,1351
test_00088,0,675,1351
test_00089,1,675,1351
test_00090,4,675,1351
test_00091,1,675,1351
test_00092,3,675,1351
test_00093,5,675,1351
test_00094,1,675,1351
test_00095,1,675,1351
test_00096,4,675,1351
test_00097,1,675,1351
test_00098,3,675,1351
test_00099,3,675,1351
test_00100,4,675,1351
test_00101,4,675,1351
test_00102,2,675,1351
test_00103,2,675,1351
test_00104,4,675,1351
test_00105,3,675,1351
test_00106,5,675,1351
test_00107,4,675,1351
test_00108,5,675,1351
test_00109,5,675,1351
test_00110,4,675,1351
test_00111,2,675,1351
test_00112,0,675,1351
test_00113,0,675,1351
test_00114,4,675,1351
test_00115,1,675,1351
test_00116,5,675,1351
test_00117,0,675,1351
test_00118,5,675,1351
test_00119,5,675,1351
test_00120,1,675,1351
test_00121,5,675,1351
test_00122,1,675,1351
test_00123,5,675,1351
test_00124,3,675,1351
test_00125,5,675,1351
test_00126,4,675,1351
test_00127,5,675,1351
test_00128,1,675,1351
test_00129,2,675,1351
test_00130,3,675,1351
test_00131,5,675,1351
test_00132,5,675,1351
test_00133,3,675,1351
test_00134,3,675,1351
test_00135,4,675,1351
test_00136,3,675,1351
test_00137,2,675,1351
test_00138,4,675,1351
test_00139,1,675,1351
test_00140,1,675,1351
test_00141,3,675,1351
test_00142,0,675,1351
test_00143,2,675,1351
test_00144,1,675,1351
test_00145,1,675,1351
test_00146,0,675,1351
test_00147,5,675,1351
test_00148,4,675,1351
test_00149,2,675,1351
test_00150,3,675,1351
test_00151,4,675,1351
test_00152,2,675,1351
test_00153,3,675,1351
test_00154,4,675,1351
test_00155,4,675,1351
test_00156,5,675,1351
test_00157,1,675,1351
test_00158,1,675,1351
test_00159,2,675,1351
test_00160,5,675,1351
test_00161,5,675,1351
test_00162,4,675,1351
test_00163,5,675,1351
test_00164,3,675,1351
test_00165,3,675,1351
test_00166,1,675,1351
test_00167,2,675,1351
test_00168,4,675,1351
test_00169,5,675,1351
test_00170,5,675,1351
test_00171,2,675,1351
test_00172,1,675,1351
test_00173,1,675,1351
test_00174,3,675,1351
test_00175,1,675,1351
test_00176,1,675,1351
test_00177,3,675,1351
test_00178,5,675,1351
test_00179,5,675,1351
test_00180,5,675,1351
test_00181,5,675,1351
test_00182,2,675,1351
test_00183,1,675,1351
test_00184,2,675,1351
test_00185,3,675,1351
test_00186,3,675,1351
test_00187,5,675,1351
test_00188,3,675,1351
test_00189,5,675,1351
test_00190,4,675,1351
test_00191,3,675,1351
test_00192,2,675,1351
test_00193,5,675,1351
test_00194,5,675,1351
test_00195,3,675,1351
test_00196,5,675,1351
test_00197,0,675,1351
test_00198,2,675,1351
test_00199,0,675,1351
test_00200,3,675,1351
test_00201,0,675,1351
test_00202,5,675,1351
test_00203,1,675,1351
test_00204,3,675,1351
test_00205,1,675,1351
test_00206,5,675,1351
test_00207,4,675,1351
test_00208,4,675,1351
test_00209,4,675,1351
test_00210,3,675,1351
test_00211,3,675,1351
test_00212,0,675,1351
test_00213,3,675,1351
test_00214,1,675,1351
test_00215,2,675,1351
test_00216,3,675,1351
test_00217,4,675,1351
test_00218,4,675,1351
test_00219,5,675,1351
test_00220,4,675,1351
test_00221,5,675,1351
test_00222,2,675,1351
test_00223,0,675,1351
test_00224,3,675,1351
test_00225,0,675,1351
test_00226,3,675,1351
test_00227,4,675,1351
test_00228,5,675,1351
test_00229,5,675,1351
test_00230,3,675,1351
test_00231,3,675,1351
test_00232,0,675,1351
test_00233,5,675,1351
test_00234,2,675,1351
test_00235,4,675,1351
test_00236,4,675,1351
test_00237,0,675,1351
test_00238,1,675,1351
test_00239,0,675,1351
test_00240,5,675,1351
test_00241,4,675,1351
test_00242,4,675,1351
test_00243,0,675,1351
test_00244,4,675,1351
test_00245,2,675,1351
test_00246,4,675,1351
test_00247,3,675,1351
test_00248,4,675,1351
test_00249,5,675,1351
test_00250,5,675,1351
test_00251,3,675,1351
test_00252,0,675,1351
test_00253,4,675,1351
test_00254,1,675,1351
test_00255,3,675,1351
test_00256,4,675,1351
test_00257,5,675,1351
test_00258,4,675,1351
test_00259,3,675,1351
test_00260,4,675,1351
test_00261,4,675,1351
test_00262,5,675,1351
test_00263,5,675,1351
test_00264,3,675,1351
test_00265,2,675,1351
test_00266,4,675,1351
test_00267,1,675,1351
test_00268,1,675,1351
test_00269,3,675,1351
test_00270,0,675,1351
test_00271,5,675,1351
test_00272,3,675,1351
test_00273,3,675,1351
test_00274,3,675,1351
test_00275,2,675,1351
test_00276,4,675,1351
test_00277,0,675,1351
test_00278,4,675,1351
test_00279,1,675,1351
test_00280,3,675,1351
test_00281,5,675,1351
test_00282,5,675,1351
test_00283,1,675,1351
test_00284,3,675,1351
test_00285,2,675,1351
test_00286,5,675,1351
test_00287,4,675,1351
test_00288,3,675,1351
test_00289,3,675,1351
test_00290,5,675,1351
test_00291,0,675,1351
test_00292,3,675,1351
test_00293,3,675,1351
test_00294,4,675,1351
test_00295,3,675,1351
test_00296,2,675,1351
test_00297,3,675,1351
test_00298,5,675,1351
test_00299,3,675,1351
test_00300,5,675,1351
test_00301,1,675,1351
test_00302,4,675,1351
test_00303,3,675,1351
test_00304,0,675,1351
test_00305,1,675,1351
test_00306,1,675,1351
test_00307,2,675,1351
test_00308,1,675,1351
test_00309,2,675,1351
test_00310,3,675,1351
test_00311,0,675,1351
test_00312,5,675,1351
test_00313,1,675,1351
test_00314,1,675,1351
test_00315,1,675,1351
test_00316,5,675,1351
test_00317,4,675,1351
test_00318,2,675,1351
test_00319,2,675,1351
test_00320,3,675,1351
test_00321,4,675,1351
test_00322,0,675,1351
test_00323,3,675,1351
test_00324,5,675,1351
test_00325,3,675,1351
test_00326,1,675,1351
test_00327,0,675,1351
test_00328,3,675,1351
test_00329,4,675,1351
test_00330,0,675,1351
test_00331,4,675,1351
test_00332,5,675,1351
test_00333,0,675,1351
test_00334,4,675,1351
test_00335,5,675,1351
test_00336,0,675,1351
test_00337,3,675,1351
test_00338,2,675,1351
test_00339,1,675,1351
test_00340,2,675,1351
test_00341,1,675,1351
test_00342,2,675,1351
test_00343,4,675,1351
test_00344,2,675,1351
test_00345,4,675,1351
test_00346,4,675,1351
test_00347,0,675,1351
test_00348,4,675,1351
test_00349,2,675,1351
test_00350,4,675,1351
test_00351,0,675,1351
test_00352,3,675,1351
test_00353,3,675,1351
test_00354,0,675,1351
test_00355,5,675,1351
test_00356,5,675,1351
test_00357,2,675,1351
test_00358,1,675,1351
test_00359,5,675,1351
test_00360,5,675,1351
test_00361,1,675,1351
test_00362,5,675,1351
test_00363,0,675,1351
test_00364,5,675,1351
test_00365,3,675,1351
test_00366,2,675,1351
test_00367,1,675,1351
test_00368,2,675,1351
test_00369,2,675,1351
test_00370,5,675,1351
test_00371,3,675,1351
test_00372,3,675,1351
test_00373,5,675,1351
test_00374,1,675,1351
test_00375,4,675,1351
test_00376,4,675,1351
test_00377,2,675,1351
test_00378,0,675,1351
test_00379,5,675,1351
test_00380,3,675,1351
test_00381,4,675,1351
test_00382,5,675,1351
test_00383,0,675,1351
test_00384,2,675,1351
test_00385,3,675,1351
test_00386,5,675,1351
test_00387,3,675,1351
test_00388,2,675,1351
test_00389,5,675,1351
test_00390,0,675,1351
test_00391,3,675,1351
test_00392,0,675,1351
test_00393,0,675,1351
test_00394,1,675,1351
test_00395,4,675,1351
test_00396,1,675,1351
test_00397,3,675,1351
test_00398,2,675,1351
test_00399,4,675,1351
test_00400,2,675,1351
test_00401,1,675,1351
test_00402,5,675,1351
test_00403,3,675,1351
test_00404,2,675,1351
test_00405,2,675,1351
test_00406,5,675,1351
test_00407,1,675,1351
test_00408,3,675,1351
test_00409,3,675,1351
test_00410,0,675,1351
test_00411,5,675,1351
test_00412,5,675,1351
test_00413,2,675,1351
test_00414,3,675,1351
test_00415,4,675,1351
test_00416,3,675,1351
test_00417,2,675,1351
test_00418,5,675,1351
test_00419,4,675,1351
test_00420,5,675,1351
test_00421,2,675,1351
test_00422,1,675,1351
test_00423,3,675,1351
test_00424,1,675,1351
test_00425,3,675,1351
test_00426,3,675,1351
test_00427,3,675,1351
test_00428,5,675,1351
test_00429,4,675,1351
test_00430,2,675,1351
test_00431,2,675,1351
test_00432,1,675,1351
test_00433,2,675,1351
test_00434,5,675,1351
test_00435,3,675,1351
test_00436,3,675,1351
test_00437,2,675,1351
test_00438,4,675,1351
test_00439,0,675,1351
test_00440,3,675,1351
test_00441,2,675,1351
test_00442,3,675,1351
test_00443,5,675,1351
test_00444,2,675,1351
test_00445,5,675,1351
test_00446,4,675,1351
test_00447,5,675,1351
test_00448,3,675,1351
test_00449,4,675,1351
test_00450,3,675,1351
test_00451,4,675,1351
test_00452,3,675,1351
test_00453,4,675,1351
test_00454,0,675,1351
test_00455,1,675,1351
test_00456,5,675,1351
test_00457,2,675,1351
test_00458,5,675,1351
test_00459,0,675,1351
test_00460,2,675,1351
test_00461,0,675,1351
test_00462,5,675,1351
test_00463,0,675,1351
test_00464,2,675,1351
test_00465,1,675,1351
test_00466,3,675,1351
test_00467,5,675,1351
test_00468,4,675,1351
test_00469,1,675,1351
test_00470,4,675,1351
test_00471,2,675,1351
test_00472,4,675,1351
test_00473,0,675,1351
test_00474,4,675,1351
test_00475,3,675,1351
test_00476,3,675,1351
test_00477,5,675,1351
test_00478,0,675,1351
test_00479,3,675,1351
test_00480,1,675,1351
test_00481,5,675,1351
test_00482,5,675,1351
test_00483,3,675,1351
test_00484,2,675,1351
test_00485,0,675,1351
test_00486,0,675,1351
test_00487,3,675,1351
test_00488,0,675,1351
test_00489,4,675,1351
test_00490,4,675,1351
test_00491,5,675,1351
test_00492,5,675,1351
test_00493,1,675,1351
test_00494,3,675,1351
test_00495,2,675,1351
test_00496,4,675,1351
test_00497,4,675,1351
test_00498,1,675,1351
test_00499,1,675,1351
test_00500,5,675,1351
test_00501,3,675,1351
test_00502,5,675,1351
test_00503,0,675,1351
test_00504,4,675,1351
test_00505,4,675,1351
test_00506,3,675,1351
test_00507,5,675,1351
test_00508,4,675,1351
test_00509,4,675,1351
test_00510,1,675,1351
test_00511,3,675,1351
test_00512,5,675,1351
test_00513,3,675,1351
test_00514,2,675,1351
test_00515,0,675,1351
test_00516,5,675,1351
test_00517,1,675,1351
test_00518,1,675,1351
test_00519,5,675,1351
test_00520,1,675,1351
test_00521,5,675,1351
test_00522,2,675,1351
test_00523,3,675,1351
test_00524,5,675,1351
test_00525,4,675,1351
test_00526,5,675,1351
test_00527,5,675,1351
test_00528,2,675,1351
test_00529,5,675,1351
test_00530,5,675,1351
test_00531,2,675,1351
test_00532,0,675,1351
test_00533,4,675,1351
test_00534,3,675,1351
test_00535,5,675,1351
test_00536,0,675,1351
test_00537,4,675,1351
test_00538,4,675,1351
test_00539,2,675,1351
test_00540,3,675,1351
test_00541,4,675,1351
test_00542,0,675,1351
test_00543,1,675,1351
test_00544,2,675,1351
test_00545,5,675,1351
test_00546,3,675,1351
test_00547,4,675,1351
test_00548,0,675,1351
test_00549,5,675,1351
test_00550,3,675,1351
test_00551,4,675,1351
test_00552,5,675,1351
test_00553,2,675,1351
test_00554,4,675,1351
test_00555,3,675,1351
test_00556,1,675,1351
test_00557,5,675,1351
test_00558,4,675,1351
test_00559,2,675,1351
test_00560,5,675,1351
test_00561,3,675,1351
test_00562,3,675,1351
test_00563,5,675,1351
test_00564,5,675,1351
test_00565,3,675,1351
test_00566,3,675,1351
test_00567,2,675,1351
test_00568,0,675,1351
test_00569,4,675,1351
test_00570,3,675,1351
test_00571,3,675,1351
test_00572,2,675,1351
test_00573,3,675,1351
test_00574,2,675,1351
test_00575,5,675,1351
test_00576,4,675,1351
test_00577,3,675,1351
test_00578,4,675,1351
test_00579,0,675,1351
test_00580,5,675,1351
test_00581,2,675,1351
test_00582,5,675,1351
test_00583,3,675,1351
test_00584,3,675,1351
test_00585,1,675,1351
test_00586,4,675,1351
test_00587,1,675,1351
test_00588,3,675,1351
test_00589,1,675,1351
test_00590,3,675,1351
test_00591,3,675,1351
test_00592,5,675,1351
test_00593,2,675,1351
test_00594,2,675,1351
test_00595,3,675,1351
test_00596,5,675,1351
test_00597,3,675,1351
test_00598,1,675,1351
test_00599,3,675,1351
test_00600,0,675,1351
test_00601,0,675,1351
test_00602,5,675,1351
test_00603,5,675,1351
test_00604,4,675,1351
test_00605,5,675,1351
test_00606,1,675,1351
test_00607,2,675,1351
test_00608,0,675,1351
test_00609,0,675,1351
test_00610,5,675,1351
test_00611,4,675,1351
test_00612,4,675,1351
test_00613,4,675,1351
test_00614,3,675,1351
test_00615,3,675,1351
test_00616,5,675,1351
test_00617,5,675,1351
test_00618,5,675,1351
test_00619,5,675,1351
test_00620,3,675,1351
test_00621,3,675,1351
test_00622,3,675,1351
test_00623,2,675,1351
test_00624,3,675,1351
test_00625,4,675,1351
test_00626,3,675,1351
test_00627,0,675,1351
test_00628,2,675,1351
test_00629,5,675,1351
test_00630,2,675,1351
test_00631,0,675,1351
test_00632,2,675,1351
test_00633,2,675,1351
test_00634,4,675,1351
test_00635,5,675,1351
test_00636,4,675,1351
test_00637,4,675,1351
test_00638,3,675,1351
test_00639,0,675,1351
test_00640,5,675,1351
test_00641,3,675,1351
test_00642,3,675,1351
test_00643,4,675,1351
test_00644,2,675,1351
test_00645,4,675,1351
test_00646,1,675,1351
test_00647,1,675,1351
test_00648,2,675,1351
test_00649,3,675,1351
test_00650,2,675,1351
test_00651,3,675,1351
test_00652,4,675,1351
test_00653,5,675,1351
test_00654,0,675,1351
test_00655,3,675,1351
test_00656,0,675,1351
test_00657,3,675,1351
test_00658,3,675,1351
test_00659,1,675,1351
test_00660,3,675,1351
test_00661,4,675,1351
test_00662,2,675,1351
test_00663,1,675,1351
test_00664,1,675,1351
test_00665,3,675,1351
test_00666,1,675,1351
test_00667,5,675,1351
test_00668,5,675,1351
test_00669,5,675,1351
test_00670,0,675,1351
test_00671,3,675,1351
test_00672,3,675,1351
test_00673,3,675,1351
test_00674,4,675,1351
test_00675,3,675,1351
test_00676,4,675,1351
test_00677,5,675,1351
test_00678,5,675,1351
test_00679,3,675,1351
test_00680,5,675,1351
test_00681,3,675,1351
test_00682,4,675,1351
test_00683,1,675,1351
test_00684,1,675,1351
test_00685,2,675,1351
test_00686,0,675,1351
test_00687,4,675,1351
test_00688,0,675,1351
test_00689,5,675,1351
test_00690,4,675,1351
test_00691,3,675,1351
test_00692,0,675,1351
test_00693,5,675,1351
test_00694,0,675,1351
test_00695,5,675,1351
test_00696,0,675,1351
test_00697,1,675,1351
test_00698,5,675,1351
test_00699,0,675,1351
test_00700,2,675,1351
test_00701,4,675,1351
test_00702,0,675,1351
test_00703,3,675,1351
test_00704,1,675,1351
test_00705,1,675,1351
test_00706,2,675,1351
test_00707,2,675,1351
test_00708,5,675,1351
test_00709,2,675,1351
test_00710,0,675,1351
test_00711,4,675,1351
test_00712,1,675,1351
test_00713,4,675,1351
test_00714,5,675,1351
test_00715,2,675,1351
test_00716,2,675,1351
test_00717,3,675,1351
test_00718,4,675,1351
test_00719,2,675,1351
test_00720,5,675,1351
test_00721,1,675,1351
test_00722,3,675,1351
test_00723,4,675,1351
test_00724,5,675,1351
test_00725,2,675,1351
test_00726,2,675,1351
test_00727,5,675,1351
test_00728,2,675,1351
test_00729,0,675,1351
test_00730,2,675,1351
test_00731,2,675,1351
test_00732,0,675,1351
test_00733,1,675,1351
test_00734,3,675,1351
test_00735,3,675,1351
test_00736,4,675,1351
test_00737,5,675,1351
test_00738,1,675,1351
test_00739,1,675,1351
test_00740,5,675,1351
test_00741,5,675,1351
test_00742,5,675,1351
test_00743,5,675,1351
test_00744,5,675,1351
test_00745,2,675,1351
test_00746,1,675,1351
test_00747,2,675,1351
test_00748,2,675,1351
test_00749,3,675,1351
test_00750,1,675,1351
test_00751,1,675,1351
test_00752,3,675,1351
test_00753,1,675,1351
test_00754,4,675,1351
test_00755,4,675,1351
test_00756,3,675,1351
test_00757,5,675,1351
test_00758,4,675,1351
test_00759,3,675,1351
test_00760,3,675,1351
test_00761,3,675,1351
test_00762,3,675,1351
test_00763,2,675,1351
test_00764,4,675,1351
test_00765,3,675,1351
test_00766,5,675,1351
test_00767,0,675,1351
test_00768,5,675,1351
test_00769,3,675,1351
test_00770,5,675,1351
test_00771,0,675,1351
test_00772,0,675,1351
test_00773,5,675,1351
test_00774,2,675,1351
test_00775,4,675,1351
test_00776,3,675,1351
test_00777,2,675,1351
test_00778,2,675,1351
test_00779,5,675,1351
test_00780,2,675,1351
test_00781,2,675,1351
test_00782,4,675,1351
test_00783,3,675,1351
test_00784,5,675,1351
test_00785,4,675,1351
test_00786,5,675,1351
test_00787,4,675,1351
test_00788,4,675,1351
test_00789,2,675,1351
test_00790,5,675,1351
test_00791,4,675,1351
test_00792,1,675,1351
test_00793,5,675,1351
test_00794,3,675,1351
test_00795,0,675,1351
test_00796,4,675,1351
test_00797,3,675,1351
test_00798,5,675,1351
test_00799,4,675,1351
test_00800,5,675,1351
test_00801,4,675,1351
test_00802,3,675,1351
test_00803,5,675,1351
test_00804,3,675,1351
test_00805,2,675,1351
test_00806,4,675,1351
test_00807,5,675,1351
test_00808,1,675,1351
test_00809,5,675,1351
test_00810,5,675,1351
test_00811,0,675,1351
test_00812,2,675,1351
test_00813,5,675,1351
test_00814,4,675,1351
test_00815,0,675,1351
test_00816,5,675,1351
test_00817,1,675,1351
test_00818,5,675,1351
test_00819,4,675,1351
test_00820,1,675,1351
test_00821,4,675,1351
test_00822,3,675,1351
test_00823,0,675,1351
test_00824,1,675,1351
test_00825,3,675,1351
test_00826,5,675,1351
test_00827,1,675,1351
test_00828,5,675,1351
test_00829,4,675,1351
test_00830,3,675,1351
test_00831,3,675,1351
test_00832,5,675,1351
test_00833,4,675,1351
test_00834,5,675,1351
test_00835,5,675,1351
test_00836,0,675,1351
test_00837,3,675,1351
test_00838,5,675,1351
test_00839,3,675,1351
test_00840,2,675,1351
test_00841,1,675,1351
test_00842,3,675,1351
test_00843,4,675,1351
test_00844,3,675,1351
test_00845,2,675,1351
test_00846,5,675,1351
test_00847,2,675,1351
test_00848,5,675,1351
test_00849,1,675,1351
test_00850,1,675,1351
test_00851,4,675,1351
test_00852,4,675,1351
test_00853,3,675,1351
test_00854,3,675,1351
test_00855,4,675,1351
test_00856,5,675,1351
test_00857,3,675,1351
test_00858,4,675,1351
test_00859,1,675,1351
test_00860,5,675,1351
test_00861,0,675,1351
test_00862,4,675,1351
test_00863,5,675,1351
test_00864,3,675,1351
test_00865,3,675,1351
test_00866,2,675,1351
test_00867,0,675,1351
test_00868,1,675,1351
test_00869,5,675,1351
test_00870,3,675,1351
test_00871,3,675,1351
test_00872,3,675,1351
test_00873,5,675,1351
test_00874,3,675,1351
test_00875,5,675,1351
test_00876,3,675,1351
test_00877,3,675,1351
test_00878,4,675,1351
test_00879,1,675,1351
test_00880,3,675,1351
test_00881,5,675,1351
test_00882,0,675,1351
test_00883,5,675,1351
test_00884,2,675,1351
test_00885,3,675,1351
test_00886,3,675,1351
test_00887,5,675,1351
test_00888,2,675,1351
test_00889,3,675,1351
test_00890,4,675,1351
test_00891,3,675,1351
test_00892,5,675,1351
test_00893,4,675,1351
test_00894,4,675,1351
test_00895,1,675,1351
test_00896,1,675,1351
test_00897,2,675,1351
test_00898,3,675,1351
test_00899,5,675,1351
test_00900,2,675,1351
test_00901,3,675,1351
test_00902,1,675,1351
test_00903,1,675,1351
test_00904,3,675,1351
test_00905,3,675,1351
test_00906,4,675,1351
test_00907,0,675,1351
test_00908,1,675,1351
test_00909,2,675,1351
test_00910,4,675,1351
test_00911,4,675,1351
test_00912,2,675,1351
test_00913,3,675,1351
test_00914,5,675,1351
test_00915,2,675,1351
test_00916,4,675,1351
test_00917,5,675,1351
test_00918,2,675,1351
test_00919,0,675,1351
test_00920,3,675,1351
test_00921,5,675,1351
test_00922,2,675,1351
test_00923,4,675,1351
test_00924,5,675,1351
test_00925,2,675,1351
test_00926,3,675,1351
test_00927,3,675,1351
test_00928,5,675,1351
test_00929,2,675,1351
test_00930,3,675,1351
test_00931,4,675,1351
test_00932,2,675,1351
test_00933,5,675,1351
test_00934,5,675,1351
test_00935,0,675,1351
test_00936,1,675,1351
test_00937,3,675,1351
test_00938,5,675,1351
test_00939,4,675,1351
test_00940,3,675,1351
test_00941,3,675,1351
test_00942,3,675,1351
test_00943,1,675,1351
test_00944,3,675,1351
test_00945,5,675,1351
test_00946,1,675,1351
test_00947,5,675,1351
test_00948,5,675,1351
test_00949,5,675,1351
test_00950,2,675,1351
test_00951,5,675,1351
test_00952,2,675,1351
test_00953,3,675,1351
test_00954,0,675,1351
test_00955,5,675,1351
test_00956,3,675,1351
test_00957,1,675,1351
test_00958,5,675,1351
test_00959,3,675,1351
test_00960,5,675,1351
test_00961,4,675,1351
test_00962,3,675,1351
test_00963,4,675,1351
test_00964,4,675,1351
test_00965,4,675,1351
test_00966,5,675,1351
test_00967,3,675,1351
test_00968,1,675,1351
test_00969,2,675,1351
test_00970,2,675,1351
test_00971,4,675,1351
test_00972,2,675,1351
test_00973,5,675,1351
test_00974,3,675,1351
test_00975,2,675,1351
test_00976,0,675,1351
test_00977,2,675,1351
test_00978,3,675,1351
test_00979,2,675,1351
test_00980,5,675,1351
test_00981,4,675,1351
test_00982,2,675,1351
test_00983,2,675,1351
test_00984,5,675,1351
test_00985,5,675,1351
test_00986,3,675,1351
test_00987,2,675,1351
test_00988,4,675,1351
test_00989,3,675,1351
test_00990,3,675,1351
test_00991,5,675,1351
test_00992,5,675,1351
test_00993,4,675,1351
test_00994,5,675,1351
test_00995,2,675,1351
test_00996,4,675,1351
test_00997,1,675,1351
test_00998,4,675,1351
test_00999,5,675,1351
test_01000,4,675,1351
test_01001,5,675,1351
test_01002,4,675,1351
test_01003,3,675,1351
test_01004,2,675,1351
test_01005,4,675,1351
test_01006,2,675,1351
test_01007,1,675,1351
test_01008,3,675,1351
test_01009,2,675,1351
test_01010,5,675,1351
test_01011,3,675,1351
test_01012,0,675,1351
test_01013,3,675,1351
test_01014,5,675,1351
test_01015,2,675,1351
test_01016,5,675,1351
test_01017,5,675,1351
test_01018,5,675,1351
test_01019,5,675,1351
test_01020,2,675,1351
test_01021,2,675,1351
test_01022,5,675,1351
test_01023,3,675,1351
test_01024,5,675,1351
test_01025,3,675,1351
test_01026,2,675,1351
test_01027,0,675,1351
test_01028,3,675,1351
test_01029,3,675,1351
test_01030,5,675,1351
test_01031,4,675,1351
test_01032,2,675,1351
test_01033,3,675,1351
test_01034,5,675,1351
test_01035,0,675,1351
test_01036,5,675,1351
test_01037,0,675,1351
test_01038,3,675,1351
test_01039,5,675,1351
test_01040,1,675,1351
test_01041,3,675,1351
test_01042,4,675,1351
test_01043,2,675,1351
test_01044,2,675,1351
test_01045,3,675,1351
test_01046,4,675,1351
test_01047,2,675,1351
test_01048,3,675,1351
test_01049,2,675,1351
test_01050,5,675,1351
test_01051,5,675,1351
test_01052,1,675,1351
test_01053,0,675,1351
test_01054,1,675,1351
test_01055,2,675,1351
test_01056,4,675,1351
test_01057,1,675,1351
test_01058,5,675,1351
test_01059,2,675,1351
test_01060,5,675,1351
test_01061,1,675,1351
test_01062,5,675,1351
test_01063,2,675,1351
test_01064,4,675,1351
test_01065,5,675,1351
test_01066,5,675,1351
test_01067,5,675,1351
test_01068,2,675,1351
test_01069,5,675,1351
test_01070,1,675,1351
test_01071,5,675,1351
test_01072,5,675,1351
test_01073,2,675,1351
test_01074,1,675,1351
test_01075,3,675,1351
test_01076,3,675,1351
test_01077,0,675,1351
test_01078,3,675,1351
test_01079,2,675,1351
test_01080,1,675,1351
test_01081,5,675,1351
test_01082,5,675,1351
test_01083,4,675,1351
test_01084,5,675,1351
test_01085,0,675,1351
test_01086,5,675,1351
test_01087,3,675,1351
test_01088,3,675,1351
test_01089,3,675,1351
test_01090,4,675,1351
test_01091,3,675,1351
test_01092,5,675,1351
test_01093,2,675,1351
test_01094,5,675,1351
test_01095,4,675,1351
test_01096,4,675,1351
test_01097,1,675,1351
test_01098,1,675,1351
test_01099,0,675,1351
test_01100,4,675,1351
test_01101,3,675,1351
test_01102,3,675,1351
test_01103,3,675,1351
test_01104,5,675,1351
test_01105,5,675,1351
test_01106,2,675,1351
test_01107,4,675,1351
test_01108,2,675,1351
test_01109,2,675,1351
test_01110,0,675,1351
test_01111,4,675,1351
test_01112,4,675,1351
test_01113,0,675,1351
test_01114,5,675,1351
test_01115,2,675,1351
test_01116,2,675,1351
test_01117,0,675,1351
test_01118,2,675,1351
test_01119,3,675,1351
test_01120,2,675,1351
test_01121,5,675,1351
test_01122,5,675,1351
test_01123,3,675,1351
test_01124,5,675,1351
test_01125,4,675,1351
test_01126,1,675,1351
test_01127,3,675,1351
test_01128,5,675,1351
test_01129,2,675,1351
test_01130,5,675,1351
test_01131,5,675,1351
test_01132,1,675,1351
test_01133,1,675,1351
test_01134,0,675,1351
test_01135,2,675,1351
test_01136,0,675,1351
test_01137,4,675,1351
test_01138,1,675,1351
test_01139,5,675,1351
test_01140,5,675,1351
test_01141,4,675,1351
test_01142,3,675,1351
test_01143,2,675,1351
test_01144,0,675,1351
test_01145,3,675,1351
test_01146,1,675,1351
test_01147,3,675,1351
test_01148,5,675,1351
test_01149,5,675,1351
test_01150,5,675,1351
test_01151,0,675,1351
test_01152,3,675,1351
test_01153,4,675,1351
test_01154,4,675,1351
test_01155,3,675,1351
test_01156,3,675,1351
test_01157,2,675,1351
test_01158,1,675,1351
test_01159,3,675,1351
test_01160,5,675,1351
test_01161,4,675,1351
test_01162,3,675,1351
test_01163,0,675,1351
test_01164,2,675,1351
test_01165,5,675,1351
test_01166,2,675,1351
test_01167,2,675,1351
test_01168,0,675,1351
test_01169,4,675,1351
test_01170,4,675,1351
test_01171,2,675,1351
test_01172,3,675,1351
test_01173,3,675,1351
test_01174,0,675,1351
test_01175,3,675,1351
test_01176,1,675,1351
test_01177,3,675,1351
test_01178,3,675,1351
test_01179,2,675,1351
test_01180,5,675,1351
test_01181,4,675,1351
test_01182,1,675,1351
test_01183,4,675,1351
test_01184,5,675,1351
test_01185,2,675,1351
test_01186,3,675,1351
test_01187,3,675,1351
test_01188,4,675,1351
test_01189,5,675,1351
test_01190,0,675,1351
test_01191,1,675,1351
test_01192,2,675,1351
test_01193,5,675,1351
test_01194,5,675,1351
test_01195,3,675,1351
test_01196,1,675,1351
test_01197,2,675,1351
test_01198,0,675,1351
test_01199,3,675,1351
test_01200,3,675,1351
test_01201,0,675,1351
test_01202,4,675,1351
test_01203,3,675,1351
test_01204,5,675,1351
test_01205,2,675,1351
test_01206,3,675,1351
test_01207,5,675,1351
test_01208,0,675,1351
test_01209,1,675,1351
test_01210,3,675,1351
test_01211,5,675,1351
test_01212,3,675,1351
test_01213,0,675,1351
test_01214,2,675,1351
test_01215,0,675,1351
test_01216,4,675,1351
test_01217,5,675,1351
test_01218,2,675,1351
test_01219,3,675,1351
test_01220,4,675,1351
test_01221,3,675,1351
test_01222,1,675,1351
test_01223,3,675,1351
test_01224,3,675,1351
test_01225,3,675,1351
test_01226,1,675,1351
test_01227,3,675,1351
test_01228,4,675,1351
test_01229,1,675,1351
test_01230,3,675,1351
test_01231,1,675,1351
test_01232,3,675,1351
test_01233,3,675,1351
test_01234,4,675,1351
test_01235,1,675,1351
test_01236,5,675,1351
test_01237,0,675,1351
test_01238,5,675,1351
test_01239,0,675,1351
test_01240,5,675,1351
test_01241,4,675,1351
test_01242,4,675,1351
test_01243,4,675,1351
test_01244,4,675,1351
test_01245,3,675,1351
test_01246,3,675,1351
test_01247,5,675,1351
test_01248,1,675,1351
test_01249,4,675,1351
test_01250,3,675,1351
test_01251,1,675,1351
test_01252,5,675,1351
test_01253,3,675,1351
test_01254,4,675,1351
test_01255,0,675,1351
test_01256,4,675,1351
test_01257,5,675,1351
test_01258,3,675,1351
test_01259,1,675,1351
test_01260,4,675,1351
test_01261,1,675,1351
test_01262,0,675,1351
test_01263,4,675,1351
test_01264,5,675,1351
test_01265,3,675,1351
test_01266,3,675,1351
test_01267,4,675,1351
test_01268,2,675,1351
test_01269,1,675,1351
test_01270,3,675,1351
test_01271,3,675,1351
test_01272,2,675,1351
test_01273,3,675,1351
test_01274,0,675,1351
test_01275,4,675,1351
test_01276,0,675,1351
test_01277,5,675,1351
test_01278,2,675,1351
test_01279,3,675,1351
test_01280,4,675,1351
test_01281,4,675,1351
test_01282,1,675,1351
test_01283,4,675,1351
test_01284,2,675,1351
test_01285,1,675,1351
test_01286,5,675,1351
test_01287,2,675,1351
test_01288,3,675,1351
test_01289,5,675,1351
test_01290,4,675,1351
test_01291,5,675,1351
test_01292,5,675,1351
test_01293,1,675,1351
test_01294,1,675,1351
test_01295,5,675,1351
test_01296,1,675,1351
test_01297,5,675,1351
test_01298,1,675,1351
test_01299,5,675,1351
test_01300,1,675,1351
test_01301,3,675,1351
test_01302,5,675,1351
test_01303,4,675,1351
test_01304,1,675,1351
test_01305,3,675,1351
test_01306,3,675,1351
test_01307,2,675,1351
test_01308,0,675,1351
test_01309,3,675,1351
test_01310,2,675,1351
test_01311,2,675,1351
test_01312,5,675,1351
test_01313,1,675,1351
test_01314,0,675,1351
test_01315,2,675,1351
test_01316,5,675,1351
test_01317,5,675,1351
test_01318,5,675,1351
test_01319,4,675,1351
test_01320,1,675,1351
test_01321,4,675,1351
test_01322,3,675,1351
test_01323,5,675,1351
test_01324,3,675,1351
test_01325,4,675,1351
test_01326,0,675,1351
test_01327,2,675,1351
test_01328,5,675,1351
test_01329,3,675,1351
test_01330,2,675,1351
test_01331,4,675,1351
test_01332,5,675,1351
test_01333,3,675,1351
test_01334,5,675,1351
test_01335,2,675,1351
test_01336,3,675,1351
test_01337,4,675,1351
test_01338,1,675,1351
test_01339,4,675,1351
test_01340,3,675,1351
test_01341,2,675,1351
test_01342,5,675,1351
test_01343,3,675,1351
test_01344,2,675,1351
test_01345,4,675,1351
test_01346,3,675,1351
test_01347,3,675,1351
test_01348,2,675,1351
test_01349,4,675,1351
test_01350,4,675,1351
test_01351,2,675,1351
test_01352,5,675,1351
test_01353,0,675,1351
test_01354,4,675,1351
test_01355,3,675,1351
test_01356,5,675,1351
test_01357,3,675,1351
test_01358,3,675,1351
test_01359,2,675,1351
test_01360,5,675,1351
test_01361,4,675,1351
test_01362,3,675,1351
test_01363,3,675,1351
test_01364,2,675,1351
test_01365,0,675,1351
test_01366,0,675,1351
test_01367,3,675,1351
test_01368,3,675,1351
test_01369,3,675,1351
test_01370,2,675,1351
test_01371,4,675,1351
test_01372,4,675,1351
test_01373,0,675,1351
test_01374,1,675,1351
test_01375,2,675,1351
test_01376,3,675,1351
test_01377,3,675,1351
test_01378,3,675,1351
test_01379,4,675,1351
test_01380,3,675,1351
test_01381,3,675,1351
test_01382,1,675,1351
test_01383,4,675,1351
test_01384,3,675,1351
test_01385,1,675,1351
test_01386,1,675,1351
test_01387,3,675,1351
test_01388,3,675,1351
test_01389,3,675,1351
test_01390,3,675,1351
test_01391,3,675,1351
test_01392,2,675,1351
test_01393,3,675,1351
test_01394,5,675,1351
test_01395,0,675,1351
test_01396,1,675,1351
test_01397,1,675,1351
test_01398,3,675,1351
test_01399,2,675,1351
test_01400,3,675,1351
test_01401,3,675,1351
test_01402,3,675,1351
test_01403,4,675,1351
test_01404,3,675,1351
test_01405,3,675,1351
test_01406,5,675,1351
test_01407,4,675,1351
test_01408,0,675,1351
test_01409,5,675,1351
test_01410,1,675,1351
test_01411,4,675,1351
test_01412,4,675,1351
test_01413,2,675,1351
test_01414,4,675,1351
test_01415,3,675,1351
test_01416,5,675,1351
test_01417,2,675,1351
test_01418,0,675,1351
test_01419,0,675,1351
test_01420,3,675,1351
test_01421,4,675,1351
test_01422,5,675,1351
test_01423,5,675,1351
test_01424,3,675,1351
test_01425,1,675,1351
test_01426,5,675,1351
test_01427,5,675,1351
test_01428,0,675,1351
test_01429,3,675,1351
test_01430,3,675,1351
test_01431,1,675,1351
test_01432,2,675,1351
test_01433,3,675,1351
test_01434,3,675,1351
test_01435,4,675,1351
test_01436,3,675,1351
test_01437,4,675,1351
test_01438,3,675,1351
test_01439,4,675,1351
test_01440,2,675,1351
test_01441,4,675,1351
test_01442,4,675,1351
test_01443,4,675,1351
test_01444,5,675,1351
test_01445,3,675,1351
test_01446,5,675,1351
test_01447,4,675,1351
test_01448,4,675,1351
test_01449,5,675,1351
test_01450,1,675,1351
test_01451,3,675,1351
test_01452,5,675,1351
test_01453,3,675,1351
test_01454,0,675,1351
test_01455,5,675,1351
test_01456,3,675,1351
test_01457,0,675,1351
test_01458,5,675,1351
test_01459,1,675,1351
test_01460,3,675,1351
test_01461,4,675,1351
test_01462,2,675,1351
test_01463,5,675,1351
test_01464,5,675,1351
test_01465,0,675,1351
test_01466,3,675,1351
test_01467,3,675,1351
test_01468,3,675,1351
test_01469,5,675,1351
test_01470,4,675,1351
test_01471,3,675,1351
test_01472,2,675,1351
test_01473,5,675,1351
test_01474,4,675,1351
test_01475,5,675,1351
test_01476,3,675,1351
test_01477,3,675,1351
test_01478,5,675,1351
test_01479,2,675,1351
test_01480,3,675,1351
test_01481,0,675,1351
test_01482,5,675,1351
test_01483,3,675,1351
test_01484,5,675,1351
test_01485,5,675,1351
test_01486,5,675,1351
test_01487,2,675,1351
test_01488,4,675,1351
test_01489,4,675,1351
test_01490,5,675,1351
test_01491,5,675,1351
test_01492,5,675,1351
test_01493,1,675,1351
test_01494,0,675,1351
test_01495,3,675,1351
test_01496,4,675,1351
test_01497,5,675,1351
test_01498,2,675,1351
test_01499,0,675,1351
test_01500,1,675,1351
test_01501,2,675,1351
test_01502,2,675,1351
test_01503,5,675,1351
test_01504,4,675,1351
test_01505,0,675,1351
test_01506,3,675,1351
test_01507,0,675,1351
test_01508,4,675,1351
test_01509,2,675,1351
test_01510,0,675,1351
test_01511,3,675,1351
test_01512,4,675,1351
test_01513,3,675,1351
test_01514,3,675,1351
test_01515,1,675,1351
test_01516,1,675,1351
test_01517,5,675,1351
test_01518,3,675,1351
test_01519,2,675,1351
test_01520,3,675,1351
test_01521,3,675,1351
test_01522,2,675,1351
test_01523,1,675,1351
test_01524,5,675,1351
test_01525,5,675,1351
test_01526,1,675,1351
test_01527,3,675,1351
test_01528,5,675,1351
test_01529,1,675,1351
test_01530,1,675,1351
test_01531,5,675,1351
test_01532,4,675,1351
test_01533,5,675,1351
test_01534,2,675,1351
test_01535,3,675,1351
test_01536,4,675,1351
test_01537,2,675,1351
test_01538,5,675,1351
test_01539,4,675,1351
test_01540,0,675,1351
test_01541,2,675,1351
test_01542,2,675,1351
test_01543,5,675,1351
test_01544,3,675,1351
test_01545,0,675,1351
test_01546,4,675,1351
test_01547,3,675,1351
test_01548,4,675,1351
test_01549,5,675,1351
test_01550,3,675,1351
test_01551,2,675,1351
test_01552,2,675,1351
test_01553,0,675,1351
test_01554,3,675,1351
test_01555,4,675,1351
test_01556,4,675,1351
test_01557,2,675,1351
test_01558,2,675,1351
test_01559,4,675,1351
test_01560,2,675,1351
test_01561,3,675,1351
test_01562,1,675,1351
test_01563,3,675,1351
test_01564,3,675,1351
test_01565,5,675,1351
test_01566,5,675,1351
test_01567,2,675,1351
test_01568,5,675,1351
test_01569,4,675,1351
test_01570,2,675,1351
test_01571,2,675,1351
test_01572,0,675,1351
test_01573,5,675,1351
test_01574,2,675,1351
test_01575,2,675,1351
test_01576,2,675,1351
test_01577,0,675,1351
test_01578,0,675,1351
test_01579,3,675,1351
test_01580,1,675,1351
test_01581,2,675,1351
test_01582,5,675,1351
test_01583,0,675,1351
test_01584,1,675,1351
test_01585,5,675,1351
test_01586,4,675,1351
test_01587,0,675,1351
test_01588,3,675,1351
test_01589,1,675,1351
test_01590,0,675,1351
test_01591,5,675,1351
test_01592,0,675,1351
test_01593,3,675,1351
test_01594,2,675,1351
test_01595,2,675,1351
test_01596,0,675,1351
test_01597,3,675,1351
test_01598,3,675,1351
test_01599,3,675,1351
test_01600,5,675,1351
test_01601,3,675,1351
test_01602,2,675,1351
test_01603,4,675,1351
test_01604,2,675,1351
test_01605,5,675,1351
test_01606,0,675,1351
test_01607,3,675,1351
test_01608,3,675,1351
test_01609,2,675,1351
test_01610,5,675,1351
test_01611,4,675,1351
test_01612,0,675,1351
test_01613,0,675,1351
test_01614,1,675,1351
test_01615,1,675,1351
test_01616,4,675,1351
test_01617,1,675,1351
test_01618,0,675,1351
test_01619,3,675,1351
test_01620,5,675,1351
test_01621,5,675,1351
test_01622,5,675,1351
test_01623,5,675,1351
test_01624,1,675,1351
test_01625,5,675,1351
test_01626,5,675,1351
test_01627,2,675,1351
test_01628,4,675,1351
test_01629,5,675,1351
test_01630,3,675,1351
test_01631,0,675,1351
test_01632,5,675,1351
test_01633,4,675,1351
test_01634,0,675,1351
test_01635,0,675,1351
test_01636,2,675,1351
test_01637,5,675,1351
test_01638,5,675,1351
test_01639,5,675,1351
test_01640,3,675,1351
test_01641,4,675,1351
test_01642,5,675,1351
test_01643,1,675,1351
test_01644,2,675,1351
test_01645,0,675,1351
test_01646,3,675,1351
test_01647,2,675,1351
test_01648,1,675,1351
test_01649,3,675,1351
test_01650,2,675,1351
test_01651,4,675,1351
test_01652,3,675,1351
test_01653,3,675,1351
test_01654,0,675,1351
test_01655,5,675,1351
test_01656,5,675,1351
test_01657,4,675,1351
test_01658,5,675,1351
test_01659,3,675,1351
test_01660,3,675,1351
test_01661,2,675,1351
test_01662,2,675,1351
test_01663,4,675,1351
test_01664,0,675,1351
test_01665,4,675,1351
test_01666,4,675,1351
test_01667,3,675,1351
test_01668,2,675,1351
test_01669,4,675,1351
test_01670,2,675,1351
test_01671,4,675,1351
test_01672,5,675,1351
test_01673,3,675,1351
test_01674,2,675,1351
test_01675,2,675,1351
test_01676,5,675,1351
test_01677,3,675,1351
test_01678,3,675,1351
test_01679,3,675,1351
test_01680,3,675,1351
test_01681,4,675,1351
test_01682,3,675,1351
test_01683,0,675,1351
test_01684,5,675,1351
test_01685,3,675,1351
test_01686,4,675,1351
test_01687,4,675,1351
test_01688,5,675,1351
test_01689,4,675,1351
test_01690,4,675,1351
test_01691,5,675,1351
test_01692,2,675,1351
test_01693,1,675,1351
test_01694,4,675,1351
test_01695,0,675,1351
test_01696,5,675,1351
test_01697,0,675,1351
test_01698,4,675,1351
test_01699,0,675,1351
test_01700,0,675,1351
test_01701,0,675,1351
test_01702,3,675,1351
test_01703,3,675,1351
test_01704,2,675,1351
test_01705,3,675,1351
test_01706,1,675,1351
test_01707,5,675,1351
test_01708,1,675,1351
test_01709,0,675,1351
test_01710,3,675,1351
test_01711,5,675,1351
test_01712,4,675,1351
test_01713,2,675,1351
test_01714,3,675,1351
test_01715,3,675,1351
test_01716,0,675,1351
test_01717,4,675,1351
test_01718,0,675,1351
test_01719,4,675,1351
test_01720,5,675,1351
test_01721,4,675,1351
test_01722,1,675,1351
test_01723,1,675,1351
test_01724,4,675,1351
test_01725,0,675,1351
test_01726,4,675,1351
test_01727,2,675,1351
test_01728,3,675,1351
test_01729,4,675,1351
test_01730,2,675,1351
test_01731,5,675,1351
test_01732,5,675,1351
test_01733,0,675,1351
test_01734,2,675,1351
test_01735,5,675,1351
test_01736,4,675,1351
test_01737,2,675,1351
test_01738,5,675,1351
test_01739,5,675,1351
test_01740,3,675,1351
test_01741,0,675,1351
test_01742,3,675,1351
test_01743,4,675,1351
test_01744,3,675,1351
test_01745,0,675,1351
test_01746,1,675,1351
test_01747,2,675,1351
test_01748,0,675,1351
test_01749,0,675,1351
test_01750,1,675,1351
test_01751,5,675,1351
test_01752,4,675,1351
test_01753,2,675,1351
test_01754,4,675,1351
test_01755,3,675,1351
test_01756,3,675,1351
test_01757,4,675,1351
test_01758,3,675,1351
test_01759,4,675,1351
test_01760,2,675,1351
test_01761,2,675,1351
test_01762,4,675,1351
test_01763,5,675,1351
test_01764,0,675,1351
test_01765,3,675,1351
test_01766,4,675,1351
test_01767,4,675,1351
test_01768,1,675,1351
test_01769,1,675,1351
test_01770,4,675,1351
test_01771,2,675,1351
test_01772,1,675,1351
test_01773,3,675,1351
test_01774,5,675,1351
test_01775,4,675,1351
test_01776,2,675,1351
test_01777,3,675,1351
test_01778,2,675,1351
test_01779,5,675,1351
test_01780,1,675,1351
test_01781,5,675,1351
test_01782,2,675,1351
test_01783,3,675,1351
test_01784,3,675,1351
test_01785,4,675,1351
test_01786,5,675,1351
test_01787,5,675,1351
test_01788,1,675,1351
test_01789,0,675,1351
test_01790,4,675,1351
test_01791,2,675,1351
test_01792,3,675,1351
test_01793,5,675,1351
test_01794,4,675,1351
test_01795,2,675,1351
test_01796,1,675,1351
test_01797,3,675,1351
test_01798,5,675,1351
test_01799,1,675,1351
